10,34.138,19.00360376349707,1.203868147833792,1.6967356763005128,2.1040325860222255,4.5115428297429085,26.97583476407618,0.2266551057483743,0.47352445510175245,0.751010445168006,3.2650934841127124,56.75862405939623,0.9209553247266452,1.307451953645972,1.618359820553973,3.379921852547821,17.512994651644494,0.06594471238338646,0.19775176522983298,0.3710316483020346,1.9137044678722896,28.366239514577035
20,56.718,19.806374630406243,1.1509243499349389,1.3729338212309483,1.5319852640948712,2.251299645145037,5.524577484197758,0.11399010990392079,0.20511953483086667,0.2968372470911465,0.8919224300656712,5.763079868022876,0.9630887832439003,1.112345298713806,1.2161849905358983,1.6617029594434882,3.3673301684821175,0.028959574160580686,0.0678599009311559,0.11975124030393841,0.44099199559187713,2.8170080643078554
30,73.801,20.76245166159334,1.139599865163227,1.3003535709075424,1.4106715320063707,1.8699186769305018,3.556634885281606,0.08741798634822728,0.14468462192635287,0.19900410454368295,0.5270799287758889,2.718723215015082,0.9743128505059678,1.0678743077153865,1.1302774645099638,1.3776760580072542,2.1474720786249004,0.01901595984015973,0.0441552995584931,0.07641903767459376,0.25689527236470283,1.258274783277477
40,86.179,19.786635868686723,1.1254154000825876,1.2501629252806576,1.3334692804697492,1.6645515506662822,2.7436106360162356,0.06443803376746823,0.10835324164878403,0.14989829620417724,0.38363726199419046,1.6285854776038216,0.9813501797194712,1.0517783968229812,1.0983342901180682,1.2783956713924196,1.7921366927329132,0.014367253738245813,0.03253926410224058,0.056857341406696744,0.18362037173834264,0.752804686827951
50,96.559,18.450542512349063,1.1221269694643237,1.2320246252022584,1.3049463180828693,1.5915293635755245,2.485689812461963,0.06125062723704087,0.0956217744008329,0.12780670619150725,0.3085641338121974,1.2486357064387557,0.9849349008806985,1.0392204030869723,1.0745354328682735,1.2073736475124375,1.5553475398834808,0.011080816099552658,0.02440743069488666,0.04287398360125493,0.1328755110315938,0.48108045567685187
60,109.346,18.991742521422307,1.1175074569120673,1.2150416218795619,1.2791703462937223,1.5279320827675558,2.2823302665184415,0.05179464935956402,0.08363382801193636,0.11253044377168428,0.2708100562733935,1.0667432250074238,0.9879755155876914,1.0323475771881132,1.0609518523962769,1.167162033830197,1.4365428057189216,0.009151560615208673,0.020557357488697203,0.0357504736083809,0.1071861703624628,0.36410542445482225
70,120.763,19.320218192349692,1.113417573540419,1.20265950590088,1.2607790949292843,1.4821483802887994,2.122504660436487,0.04793517647776983,0.07544262278468332,0.09985144182579082,0.22904292863228842,0.8369394942123731,0.9887588800349605,1.0267601972714173,1.0510960802716887,1.1404227589388998,1.3621833986197978,0.008156409722494222,0.01603302822400357,0.028329926080768994,0.08661899303505256,0.28736688270621924
80,130.59,18.43122079516167,1.1077290255138785,1.1903233319108122,1.2439776185853448,1.4471835637316097,2.0210392870615634,0.043619880071861655,0.07028160146282564,0.09422088988622247,0.2208989204850497,0.7821632569096926,0.9908440282568844,1.0236260067189171,1.0446037470333325,1.1215090685134113,1.3103103926157722,0.0069945040162282136,0.014890049629958886,0.026220545285025355,0.07868754520312847,0.2655729673486621
90,141.202,18.194977219001952,1.106425774357666,1.1840658018441255,1.2341427309996669,1.4203941665011721,1.9155849565419991,0.0418898118401931,0.06478013021582084,0.08517701172946773,0.19134517387335237,0.6422922827753196,0.9918174287801533,1.0208697284231896,1.0395880814212421,1.108638782062165,1.2785695851667667,0.005963971915339983,0.013065073037264657,0.022976538282855626,0.0683115057317913,0.22607079414036174
100,152.204,17.668230924458737,1.1032918658857698,1.1766805940094789,1.2241147376158517,1.4012963380166008,1.8766749473305604,0.03959180425409293,0.06239038126903324,0.08244987137893645,0.18550353348816814,0.6255934304425882,0.9924395096793796,1.0184162281750073,1.0350989400066168,1.0961015704643666,1.2415785859744783,0.005774210477710351,0.01231462567348835,0.021740704399920895,0.06355406589404804,0.19762509125914812
200,250.902,16.23774602584977,1.0897289384297626,1.1433375344564918,1.1772721234183163,1.2999416471419023,1.5995396529757382,0.02749873814429276,0.04294185480892378,0.05576025084776651,0.1160911904932248,0.33586381265990783,0.9963866193833809,1.009083272068387,1.0170655447861519,1.0452777744082886,1.1076612703791238,0.002650243245378479,0.005921310667341239,0.01042546855514769,0.029042511611312206,0.0853806956581339
300,345.643,13.965083279379325,1.0829517134725242,1.128779040559766,1.1574150727967467,1.2587996049850783,1.495948310341153,0.02331682736983902,0.03572508586253825,0.04556554649289551,0.09022836229001324,0.24610535355296392,0.9975842260701816,1.005994516988954,1.0112998777726236,1.0300727284946443,1.071479185928401,0.0017498928168568054,0.00370948546247682,0.0066133600073174665,0.01836669099605898,0.05206941366806724
400,440.31,13.515616893061154,1.0785792475906375,1.119176185963008,1.144352421431881,1.2326951761077354,1.435541119292679,0.020101019896410773,0.031182272004817654,0.03978563070977913,0.07856915908236445,0.21654649985561583,0.9981182183288885,1.0045508434462047,1.0086033315787462,1.0229975122010984,1.0554250033842234,0.0013417738492980135,0.0028480762352895194,0.005097383356314689,0.014278286139572287,0.04235085801519786
500,534.64,12.051406556912765,1.0748441140765377,1.1121215175441326,1.1351665332978422,1.2157374546514095,1.3976818986789625,0.01836898104670249,0.027769941213184022,0.034880056908270736,0.06614720329686649,0.17547978452546067,0.9985558350906701,1.0035806530583473,1.0067144542914455,1.0177000600581902,1.0418373323773815,0.0010308775427207075,0.0020719468349652543,0.003690858219606954,0.010383728217295211,0.03183984313253715
600,630.003,11.727019698115972,1.0737399364051972,1.1109571633203266,1.1340824639613911,1.215195144850063,1.3979305940594022,0.01818790891318043,0.027398618084057427,0.0342983687974975,0.0647934129221621,0.17306193695933345,0.9987884636588588,1.00293605657227,1.0055483964645262,1.0147550007779278,1.0348222954751554,0.0008848130302552389,0.0018162737222042506,0.003347777145289089,0.009616709073965895,0.028732222930626442
700,724.35,11.092046700226248,1.0709605447003163,1.105685969353453,1.1271011743124306,1.2015401562709163,1.366958348136155,0.017218942410543985,0.026045637295966952,0.0325071134525348,0.06022642855808476,0.15586298749839855,0.9989760273713765,1.0025845332910628,1.0048191529824002,1.0125371262909342,1.0288006881586313,0.000698256931275462,0.0015465150315010336,0.0027358198563178847,0.00750133746779204,0.021941397454287522
800,818.967,10.951251572308985,1.0700819838867308,1.1041641914436005,1.125223294153853,1.1985676671029035,1.3612712217017673,0.015865568637070483,0.024351548006729548,0.03052808544650947,0.056486438985607276,0.14255165012045107,0.9990416791656954,1.0023637707417936,1.004441972306749,1.011724798071963,1.0276722868735668,0.0006599183939558008,0.0014298996771931727,0.002590764845032869,0.007309068459528247,0.021829626455741293
900,913.537,11.416769727028743,1.067744850594329,1.099992319303165,1.1198937927252235,1.1891094252593966,1.3421821720378169,0.015261797430324691,0.022535288146461552,0.027803267858016813,0.05031305824218783,0.12851400361325988,0.9991582089874561,1.0020224588184865,1.003808477739526,1.0100293164692897,1.0232156241389725,0.0005648388369708128,0.0011965833344917522,0.0021610872450130683,0.005993751441228706,0.01767460796785843
1000,1009.871,11.758926779260086,1.0674442538083408,1.0993981379685616,1.1190586025102407,1.1872098511052052,1.3378329417246235,0.01437168628091773,0.021451156617569408,0.026661086190067455,0.04885374831157873,0.12304368890392332,0.9992810348069385,1.0017428388100365,1.0032872461141853,1.008709479865626,1.0203954660700836,0.0005197421760104833,0.0010401405890115522,0.0019091355151956715,0.0054059002503854285,0.01600461405431238
2000,1960.862,22.076026725839956,1.059357794324464,1.0863003665973925,1.1027958089423002,1.1595435951110828,1.2819682268775092,0.012068976628228993,0.0179660994511314,0.02205437887711172,0.038576638227826844,0.0905510253615639,0.9996298260527579,1.0008937735551167,1.0016844785137264,1.004455984366632,1.0104727234083037,0.00024079428812714913,0.0005332324068407771,0.0009596446863886228,0.0026466379325978283,0.007672389194909908
3000,2907.214,35.37092314316944,1.0555000443840579,1.0802475648498486,1.0954034389283713,1.14753561096988,1.259531097601196,0.010332022082436288,0.015294447150807234,0.018643095692258853,0.03167428125130666,0.07039076121057558,0.9997542936158493,1.0005963833620286,1.0011209422472378,1.002945904481725,1.0068552876676526,0.00016418261151714562,0.00037726137515082966,0.0006770281616855127,0.0018240463527540815,0.0051718747082155035
